,mse,mae,r2,eva
0,242.61909400587274,10.243640166457698,0.001282520694630751,0.0020077371888506113
