,mse,mae,r2,eva
0,34.057594544298915,2.9483583950631718,0.8610782373850239,0.8610817355520284
