,mse,mae,r2,eva
0,40.47316103379722,3.427435387673956,0.8335680700049246,0.8408422792558076
