,mse,mae,r2,eva
0,40.483236829488945,3.7829227615872143,0.8333547637454667,0.8333724323837945
