,mse,mae,r2,eva
0,39.36360886516304,3.582192115863112,0.8394348749638766,0.8394352336435937
