,mse,mae,r2,eva
0,34.118664281454976,2.7833432717153648,0.8609623030225215,0.8647307606667383
