,mse,mae,r2,eva
0,32.530713145000604,3.114178786425853,0.8660905401312122,0.866184200573585
