,mse,mae,r2,eva
0,30.306364589407185,3.132779524798595,0.876379596282518,0.8765965879258641
