,mse,mae,r2,eva
0,1.6227390180878554,0.7276883323394951,0.8118541028961797,0.8138073797389447
