,mse,mae,r2,eva
0,26.884234374216852,2.74127051861102,0.8903385492782688,0.8903566355355326
