,mse,mae,r2,eva
0,47.08616577221228,3.310176903200159,0.8081181609437559,0.8134886160029129
