,mse,mae,r2,eva
0,28.27903696611099,2.8452214213952156,0.8846491153309055,0.884688992058428
