,mse,mae,r2,eva
0,47.60007482467054,3.907467700091586,0.8058381285076719,0.8058386898621498
