,mse,mae,r2,eva
0,30.526628933313734,3.1231090749968526,0.8754811326268735,0.8756262018387597
